{"type":"Topology","arcs":[[[409,4],[-11,-4],[-23,24],[1,23],[-13,26],[-24,18],[-29,20],[-82,52],[23,36],[-37,51],[-214,-34],[8,286],[22,14],[29,-11],[105,-36],[50,-92],[25,6],[86,30],[8,37],[188,-43],[-12,-105],[40,-30],[-33,-94],[41,-78],[-35,-99],[-113,3]]],"transform":{"scale":[0.000009304997347793944,0.000015608483086683778],"translate":[-74.08769331498583,4.697780539772709]},"objects":{"Geo_Json_Test":{"type":"GeometryCollection","geometries":[{"arcs":[[0]],"type":"Polygon","properties":{"id":1,"Area":28.727697}}]}}}